model,step,train_nll,train_auxiliary,validation_nll,elapsed_seconds
dense,1,5.534111022949219,0.0,5.348874846490321,1.4832283529999586
dense,100,2.768303871154785,0.0,2.743106273169938,3.614480446000016
dense,200,2.5351197719573975,0.0,2.5053219541590264,5.83609590399999
dense,300,2.3981716632843018,0.0,2.407065871819899,8.008869032999996
dense,400,2.249796152114868,0.0,2.2996077336438883,10.497500221999985
dense,500,2.2296900749206543,0.0,2.2053033303707203,12.874565813999993
dense,600,2.0299534797668457,0.0,2.123309653580732,14.933524355000031
unbalanced,1,5.464356422424316,1.2171201705932617,5.290211581169291,2.7488673619999417
unbalanced,100,2.812025547027588,2.293530225753784,2.7814726775178067,5.290265344999966
unbalanced,200,2.569976806640625,2.037480354309082,2.505575013740447,7.875245209000013
unbalanced,300,2.4081225395202637,1.9840121269226074,2.4162566495159115,10.731022669000026
unbalanced,400,2.2936737537384033,1.9608817100524902,2.3337242634100757,13.369067239999936
unbalanced,500,2.2574145793914795,1.8735902309417725,2.2277771172914824,15.939971464999985
unbalanced,600,2.043100357055664,1.8364548683166504,2.1372458987322984,18.505194950000032
balanced,1,5.464356422424316,1.2171201705932617,5.290774717881686,3.3578448990000425
balanced,100,2.8892111778259277,1.1016765832901,2.8505558315381454,7.737148202000071
balanced,200,2.57625150680542,1.0042191743850708,2.5207847494484805,10.626145805000078
balanced,300,2.423332452774048,0.9987550377845764,2.43150383252141,13.352919690000022
balanced,400,2.33211612701416,1.008602261543274,2.3506973610460578,16.09648380300007
balanced,500,2.251875162124634,1.0101335048675537,2.2201608062515144,18.627114784000014
balanced,600,1.9895176887512207,1.0137648582458496,2.0955068550573657,21.301435725000033
